--------------------------------------------------------
--  File created - piątek-maja-17-2019   
--------------------------------------------------------
--------------------------------------------------------
--  DDL for Sequence LOCATIONS_ID_SEQ
--------------------------------------------------------

   CREATE SEQUENCE  "LOCATIONS_ID_SEQ"  MINVALUE 1 MAXVALUE 9999999999999999999999999999 INCREMENT BY 1 START WITH 41 CACHE 20 NOORDER  NOCYCLE ;
--------------------------------------------------------
--  DDL for Sequence LOCATIONS_TYPE_ID_SEQ
--------------------------------------------------------

   CREATE SEQUENCE  "LOCATIONS_TYPE_ID_SEQ"  MINVALUE 1 MAXVALUE 9999999999999999999999999999 INCREMENT BY 1 START WITH 21 CACHE 20 NOORDER  NOCYCLE ;
--------------------------------------------------------
--  DDL for Sequence MENU_ID_SEQ
--------------------------------------------------------

   CREATE SEQUENCE  "MENU_ID_SEQ"  MINVALUE 1 MAXVALUE 9999999999999999999999999999 INCREMENT BY 1 START WITH 21 CACHE 20 NOORDER  NOCYCLE ;
--------------------------------------------------------
--  DDL for Sequence MENU_ITEMS_ID_SEQ
--------------------------------------------------------

   CREATE SEQUENCE  "MENU_ITEMS_ID_SEQ"  MINVALUE 1 MAXVALUE 9999999999999999999999999999 INCREMENT BY 1 START WITH 21 CACHE 20 NOORDER  NOCYCLE ;
--------------------------------------------------------
--  DDL for Sequence ORDERS_ID_SEQ
--------------------------------------------------------

   CREATE SEQUENCE  "ORDERS_ID_SEQ"  MINVALUE 1 MAXVALUE 9999999999999999999999999999 INCREMENT BY 1 START WITH 21 CACHE 20 NOORDER  NOCYCLE ;
--------------------------------------------------------
--  DDL for Sequence ORDERS_ITEMS_ID_SEQ
--------------------------------------------------------

   CREATE SEQUENCE  "ORDERS_ITEMS_ID_SEQ"  MINVALUE 1 MAXVALUE 9999999999999999999999999999 INCREMENT BY 1 START WITH 21 CACHE 20 NOORDER  NOCYCLE ;
--------------------------------------------------------
--  DDL for Sequence ORDERS_STATUS_ID_SEQ
--------------------------------------------------------

   CREATE SEQUENCE  "ORDERS_STATUS_ID_SEQ"  MINVALUE 1 MAXVALUE 9999999999999999999999999999 INCREMENT BY 1 START WITH 21 CACHE 20 NOORDER  NOCYCLE ;
--------------------------------------------------------
--  DDL for Sequence RESTAURANTS_ID_SEQ
--------------------------------------------------------

   CREATE SEQUENCE  "RESTAURANTS_ID_SEQ"  MINVALUE 1 MAXVALUE 9999999999999999999999999999 INCREMENT BY 1 START WITH 41 CACHE 20 NOORDER  NOCYCLE ;
--------------------------------------------------------
--  DDL for Sequence RESTAURANTS_INFORMATION_ID_SEQ
--------------------------------------------------------

   CREATE SEQUENCE  "RESTAURANTS_INFORMATION_ID_SEQ"  MINVALUE 1 MAXVALUE 9999999999999999999999999999 INCREMENT BY 1 START WITH 21 CACHE 20 NOORDER  NOCYCLE ;
--------------------------------------------------------
--  DDL for Table LOCATIONS
--------------------------------------------------------

  CREATE TABLE "LOCATIONS" 
   (	"ID" NUMBER, 
	"CITY" VARCHAR2(150 BYTE), 
	"STREET" VARCHAR2(255 BYTE), 
	"HOUSE_NUMBER" VARCHAR2(20 BYTE), 
	"LOCATION_TYPE_ID" NUMBER
   ) SEGMENT CREATION IMMEDIATE 
  PCTFREE 10 PCTUSED 40 INITRANS 1 MAXTRANS 255 NOCOMPRESS LOGGING
  STORAGE(INITIAL 65536 NEXT 1048576 MINEXTENTS 1 MAXEXTENTS 2147483645
  PCTINCREASE 0 FREELISTS 1 FREELIST GROUPS 1 BUFFER_POOL DEFAULT FLASH_CACHE DEFAULT CELL_FLASH_CACHE DEFAULT)
  TABLESPACE "SYSTEM" ;
--------------------------------------------------------
--  DDL for Table LOCATIONS_TYPE
--------------------------------------------------------

  CREATE TABLE "LOCATIONS_TYPE" 
   (	"ID" NUMBER, 
	"NAME" VARCHAR2(50 BYTE)
   ) SEGMENT CREATION IMMEDIATE 
  PCTFREE 10 PCTUSED 40 INITRANS 1 MAXTRANS 255 NOCOMPRESS LOGGING
  STORAGE(INITIAL 65536 NEXT 1048576 MINEXTENTS 1 MAXEXTENTS 2147483645
  PCTINCREASE 0 FREELISTS 1 FREELIST GROUPS 1 BUFFER_POOL DEFAULT FLASH_CACHE DEFAULT CELL_FLASH_CACHE DEFAULT)
  TABLESPACE "SYSTEM" ;
--------------------------------------------------------
--  DDL for Table MENU
--------------------------------------------------------

  CREATE TABLE "MENU" 
   (	"ID" NUMBER, 
	"NAME" VARCHAR2(100 BYTE), 
	"RESTAURANT_ID" NUMBER
   ) SEGMENT CREATION IMMEDIATE 
  PCTFREE 10 PCTUSED 40 INITRANS 1 MAXTRANS 255 NOCOMPRESS LOGGING
  STORAGE(INITIAL 65536 NEXT 1048576 MINEXTENTS 1 MAXEXTENTS 2147483645
  PCTINCREASE 0 FREELISTS 1 FREELIST GROUPS 1 BUFFER_POOL DEFAULT FLASH_CACHE DEFAULT CELL_FLASH_CACHE DEFAULT)
  TABLESPACE "SYSTEM" ;
--------------------------------------------------------
--  DDL for Table MENU_ITEMS
--------------------------------------------------------

  CREATE TABLE "MENU_ITEMS" 
   (	"ID" NUMBER, 
	"NAME" VARCHAR2(100 BYTE), 
	"PRICE" NUMBER(6,2), 
	"QUANTITY" VARCHAR2(20 BYTE), 
	"MENU_ID" NUMBER
   ) SEGMENT CREATION IMMEDIATE 
  PCTFREE 10 PCTUSED 40 INITRANS 1 MAXTRANS 255 NOCOMPRESS LOGGING
  STORAGE(INITIAL 65536 NEXT 1048576 MINEXTENTS 1 MAXEXTENTS 2147483645
  PCTINCREASE 0 FREELISTS 1 FREELIST GROUPS 1 BUFFER_POOL DEFAULT FLASH_CACHE DEFAULT CELL_FLASH_CACHE DEFAULT)
  TABLESPACE "SYSTEM" ;
--------------------------------------------------------
--  DDL for Table ORDERS
--------------------------------------------------------

  CREATE TABLE "ORDERS" 
   (	"ID" NUMBER, 
	"ORDER_STATUS_ID" NUMBER, 
	"LOCATION_ID" NUMBER, 
	"RESTAURANT_ID" NUMBER
   ) SEGMENT CREATION IMMEDIATE 
  PCTFREE 10 PCTUSED 40 INITRANS 1 MAXTRANS 255 NOCOMPRESS LOGGING
  STORAGE(INITIAL 65536 NEXT 1048576 MINEXTENTS 1 MAXEXTENTS 2147483645
  PCTINCREASE 0 FREELISTS 1 FREELIST GROUPS 1 BUFFER_POOL DEFAULT FLASH_CACHE DEFAULT CELL_FLASH_CACHE DEFAULT)
  TABLESPACE "SYSTEM" ;
--------------------------------------------------------
--  DDL for Table ORDERS_ITEMS
--------------------------------------------------------

  CREATE TABLE "ORDERS_ITEMS" 
   (	"ID" NUMBER, 
	"NAME" VARCHAR2(100 BYTE), 
	"PRICE" NUMBER(6,2), 
	"QUANTITY" NUMBER, 
	"ORDER_ID" NUMBER
   ) SEGMENT CREATION IMMEDIATE 
  PCTFREE 10 PCTUSED 40 INITRANS 1 MAXTRANS 255 NOCOMPRESS LOGGING
  STORAGE(INITIAL 65536 NEXT 1048576 MINEXTENTS 1 MAXEXTENTS 2147483645
  PCTINCREASE 0 FREELISTS 1 FREELIST GROUPS 1 BUFFER_POOL DEFAULT FLASH_CACHE DEFAULT CELL_FLASH_CACHE DEFAULT)
  TABLESPACE "SYSTEM" ;
--------------------------------------------------------
--  DDL for Table ORDERS_STATUS
--------------------------------------------------------

  CREATE TABLE "ORDERS_STATUS" 
   (	"ID" NUMBER, 
	"NAME" VARCHAR2(50 BYTE)
   ) SEGMENT CREATION IMMEDIATE 
  PCTFREE 10 PCTUSED 40 INITRANS 1 MAXTRANS 255 NOCOMPRESS LOGGING
  STORAGE(INITIAL 65536 NEXT 1048576 MINEXTENTS 1 MAXEXTENTS 2147483645
  PCTINCREASE 0 FREELISTS 1 FREELIST GROUPS 1 BUFFER_POOL DEFAULT FLASH_CACHE DEFAULT CELL_FLASH_CACHE DEFAULT)
  TABLESPACE "SYSTEM" ;
--------------------------------------------------------
--  DDL for Table RESTAURANTS
--------------------------------------------------------

  CREATE TABLE "RESTAURANTS" 
   (	"ID" NUMBER, 
	"NAME" VARCHAR2(100 CHAR), 
	"LOCATION_ID" NUMBER
   ) SEGMENT CREATION IMMEDIATE 
  PCTFREE 10 PCTUSED 40 INITRANS 1 MAXTRANS 255 NOCOMPRESS LOGGING
  STORAGE(INITIAL 65536 NEXT 1048576 MINEXTENTS 1 MAXEXTENTS 2147483645
  PCTINCREASE 0 FREELISTS 1 FREELIST GROUPS 1 BUFFER_POOL DEFAULT FLASH_CACHE DEFAULT CELL_FLASH_CACHE DEFAULT)
  TABLESPACE "SYSTEM" ;
--------------------------------------------------------
--  DDL for Table RESTAURANTS_INFORMATION
--------------------------------------------------------

  CREATE TABLE "RESTAURANTS_INFORMATION" 
   (	"ID" NUMBER, 
	"OPENING_HOURS" VARCHAR2(255 BYTE), 
	"RESTAURANT_ID" NUMBER
   ) SEGMENT CREATION IMMEDIATE 
  PCTFREE 10 PCTUSED 40 INITRANS 1 MAXTRANS 255 NOCOMPRESS LOGGING
  STORAGE(INITIAL 65536 NEXT 1048576 MINEXTENTS 1 MAXEXTENTS 2147483645
  PCTINCREASE 0 FREELISTS 1 FREELIST GROUPS 1 BUFFER_POOL DEFAULT FLASH_CACHE DEFAULT CELL_FLASH_CACHE DEFAULT)
  TABLESPACE "SYSTEM" ;
--------------------------------------------------------
--  DDL for Table STUDENTS
--------------------------------------------------------

  CREATE TABLE "STUDENTS" 
   (	"ID" NUMBER, 
	"NAME" VARCHAR2(100 CHAR), 
	"AGE" NUMBER
   ) SEGMENT CREATION IMMEDIATE 
  PCTFREE 10 PCTUSED 40 INITRANS 1 MAXTRANS 255 NOCOMPRESS LOGGING
  STORAGE(INITIAL 65536 NEXT 1048576 MINEXTENTS 1 MAXEXTENTS 2147483645
  PCTINCREASE 0 FREELISTS 1 FREELIST GROUPS 1 BUFFER_POOL DEFAULT FLASH_CACHE DEFAULT CELL_FLASH_CACHE DEFAULT)
  TABLESPACE "SYSTEM" ;
--------------------------------------------------------
--  DDL for Table TEACHERS
--------------------------------------------------------

  CREATE TABLE "TEACHERS" 
   (	"ID" NUMBER, 
	"NAME" VARCHAR2(100 CHAR), 
	"AGE" NUMBER
   ) SEGMENT CREATION IMMEDIATE 
  PCTFREE 10 PCTUSED 40 INITRANS 1 MAXTRANS 255 NOCOMPRESS LOGGING
  STORAGE(INITIAL 65536 NEXT 1048576 MINEXTENTS 1 MAXEXTENTS 2147483645
  PCTINCREASE 0 FREELISTS 1 FREELIST GROUPS 1 BUFFER_POOL DEFAULT FLASH_CACHE DEFAULT CELL_FLASH_CACHE DEFAULT)
  TABLESPACE "SYSTEM" ;
REM INSERTING into KAMIL.LOCATIONS
SET DEFINE OFF;
Insert into KAMIL.LOCATIONS (ID,CITY,STREET,HOUSE_NUMBER,LOCATION_TYPE_ID) values ('1','Warszawa','Marszalkowska','22b','1');
Insert into KAMIL.LOCATIONS (ID,CITY,STREET,HOUSE_NUMBER,LOCATION_TYPE_ID) values ('2','Warszawa','Mokotowska','23b','1');
Insert into KAMIL.LOCATIONS (ID,CITY,STREET,HOUSE_NUMBER,LOCATION_TYPE_ID) values ('3','Warszawa','Piękna','21b','1');
Insert into KAMIL.LOCATIONS (ID,CITY,STREET,HOUSE_NUMBER,LOCATION_TYPE_ID) values ('21','Toruń','Piernikowa','33','1');
Insert into KAMIL.LOCATIONS (ID,CITY,STREET,HOUSE_NUMBER,LOCATION_TYPE_ID) values ('22','Gdańsk','Nadmorska','4b','1');
Insert into KAMIL.LOCATIONS (ID,CITY,STREET,HOUSE_NUMBER,LOCATION_TYPE_ID) values ('23','Poznań','Sosnkowskiego','141','1');
Insert into KAMIL.LOCATIONS (ID,CITY,STREET,HOUSE_NUMBER,LOCATION_TYPE_ID) values ('24','Orzysz','Górska','15b','1');
Insert into KAMIL.LOCATIONS (ID,CITY,STREET,HOUSE_NUMBER,LOCATION_TYPE_ID) values ('26','Kraków','Malopolska','125b','2');
Insert into KAMIL.LOCATIONS (ID,CITY,STREET,HOUSE_NUMBER,LOCATION_TYPE_ID) values ('27','Kraków','Podwale','14b','1');
REM INSERTING into KAMIL.LOCATIONS_TYPE
SET DEFINE OFF;
Insert into KAMIL.LOCATIONS_TYPE (ID,NAME) values ('1','RESTAURANT');
Insert into KAMIL.LOCATIONS_TYPE (ID,NAME) values ('2','ORDER');
REM INSERTING into KAMIL.MENU
SET DEFINE OFF;
Insert into KAMIL.MENU (ID,NAME,RESTAURANT_ID) values ('1','Karta Dań','24');
Insert into KAMIL.MENU (ID,NAME,RESTAURANT_ID) values ('2','Karta Win','24');
REM INSERTING into KAMIL.MENU_ITEMS
SET DEFINE OFF;
REM INSERTING into KAMIL.ORDERS
SET DEFINE OFF;
Insert into KAMIL.ORDERS (ID,ORDER_STATUS_ID,LOCATION_ID,RESTAURANT_ID) values ('1','1','26','24');
REM INSERTING into KAMIL.ORDERS_ITEMS
SET DEFINE OFF;
Insert into KAMIL.ORDERS_ITEMS (ID,NAME,PRICE,QUANTITY,ORDER_ID) values ('1','Rumsztyk Staropolski','26,99','1','1');
Insert into KAMIL.ORDERS_ITEMS (ID,NAME,PRICE,QUANTITY,ORDER_ID) values ('2','Spaghetti','22,99','1','1');
Insert into KAMIL.ORDERS_ITEMS (ID,NAME,PRICE,QUANTITY,ORDER_ID) values ('3','Cola Zero','6,99','2','1');
REM INSERTING into KAMIL.ORDERS_STATUS
SET DEFINE OFF;
Insert into KAMIL.ORDERS_STATUS (ID,NAME) values ('1','New');
Insert into KAMIL.ORDERS_STATUS (ID,NAME) values ('2','In progress');
Insert into KAMIL.ORDERS_STATUS (ID,NAME) values ('3','Done');
Insert into KAMIL.ORDERS_STATUS (ID,NAME) values ('4','Canceled');
REM INSERTING into KAMIL.RESTAURANTS
SET DEFINE OFF;
Insert into KAMIL.RESTAURANTS (ID,NAME,LOCATION_ID) values ('3','Trattoria Rucola','1');
Insert into KAMIL.RESTAURANTS (ID,NAME,LOCATION_ID) values ('9','U Gruzina','2');
Insert into KAMIL.RESTAURANTS (ID,NAME,LOCATION_ID) values ('10','Roma','3');
Insert into KAMIL.RESTAURANTS (ID,NAME,LOCATION_ID) values ('21','Pizza Hut','21');
Insert into KAMIL.RESTAURANTS (ID,NAME,LOCATION_ID) values ('22','Fishlandia','22');
Insert into KAMIL.RESTAURANTS (ID,NAME,LOCATION_ID) values ('23','Koziolek','23');
Insert into KAMIL.RESTAURANTS (ID,NAME,LOCATION_ID) values ('24','Smocza','27');
REM INSERTING into KAMIL.RESTAURANTS_INFORMATION
SET DEFINE OFF;
Insert into KAMIL.RESTAURANTS_INFORMATION (ID,OPENING_HOURS,RESTAURANT_ID) values ('3','12-23','9');
Insert into KAMIL.RESTAURANTS_INFORMATION (ID,OPENING_HOURS,RESTAURANT_ID) values ('2','11-22','3');
Insert into KAMIL.RESTAURANTS_INFORMATION (ID,OPENING_HOURS,RESTAURANT_ID) values ('4','11-24','10');
REM INSERTING into KAMIL.STUDENTS
SET DEFINE OFF;
Insert into KAMIL.STUDENTS (ID,NAME,AGE) values ('1','Kamil','32');
Insert into KAMIL.STUDENTS (ID,NAME,AGE) values ('2','Franek','30');
REM INSERTING into KAMIL.TEACHERS
SET DEFINE OFF;
Insert into KAMIL.TEACHERS (ID,NAME,AGE) values ('1','STEFAN','44');
Insert into KAMIL.TEACHERS (ID,NAME,AGE) values ('2','ARNOLD','45');
Insert into KAMIL.TEACHERS (ID,NAME,AGE) values ('3','JERZY','46');
--------------------------------------------------------
--  Constraints for Table RESTAURANTS_INFORMATION
--------------------------------------------------------

  ALTER TABLE "RESTAURANTS_INFORMATION" ADD CONSTRAINT "RESTAURANT_INFORMATION_ID_PK" PRIMARY KEY ("ID")
  USING INDEX PCTFREE 10 INITRANS 2 MAXTRANS 255 COMPUTE STATISTICS 
  STORAGE(INITIAL 65536 NEXT 1048576 MINEXTENTS 1 MAXEXTENTS 2147483645
  PCTINCREASE 0 FREELISTS 1 FREELIST GROUPS 1 BUFFER_POOL DEFAULT FLASH_CACHE DEFAULT CELL_FLASH_CACHE DEFAULT)
  TABLESPACE "SYSTEM"  ENABLE;
  ALTER TABLE "RESTAURANTS_INFORMATION" MODIFY ("ID" NOT NULL ENABLE);
--------------------------------------------------------
--  Constraints for Table RESTAURANTS
--------------------------------------------------------

  ALTER TABLE "RESTAURANTS" MODIFY ("LOCATION_ID" NOT NULL ENABLE);
  ALTER TABLE "RESTAURANTS" ADD CONSTRAINT "RESTAURANTS_ID_PK" PRIMARY KEY ("ID")
  USING INDEX PCTFREE 10 INITRANS 2 MAXTRANS 255 COMPUTE STATISTICS 
  STORAGE(INITIAL 65536 NEXT 1048576 MINEXTENTS 1 MAXEXTENTS 2147483645
  PCTINCREASE 0 FREELISTS 1 FREELIST GROUPS 1 BUFFER_POOL DEFAULT FLASH_CACHE DEFAULT CELL_FLASH_CACHE DEFAULT)
  TABLESPACE "SYSTEM"  ENABLE;
  ALTER TABLE "RESTAURANTS" MODIFY ("ID" NOT NULL ENABLE);
--------------------------------------------------------
--  Constraints for Table LOCATIONS
--------------------------------------------------------

  ALTER TABLE "LOCATIONS" ADD CONSTRAINT "LOCATIONS_PK" PRIMARY KEY ("ID")
  USING INDEX PCTFREE 10 INITRANS 2 MAXTRANS 255 COMPUTE STATISTICS 
  STORAGE(INITIAL 65536 NEXT 1048576 MINEXTENTS 1 MAXEXTENTS 2147483645
  PCTINCREASE 0 FREELISTS 1 FREELIST GROUPS 1 BUFFER_POOL DEFAULT FLASH_CACHE DEFAULT CELL_FLASH_CACHE DEFAULT)
  TABLESPACE "SYSTEM"  ENABLE;
  ALTER TABLE "LOCATIONS" MODIFY ("LOCATION_TYPE_ID" NOT NULL ENABLE);
  ALTER TABLE "LOCATIONS" MODIFY ("HOUSE_NUMBER" NOT NULL ENABLE);
  ALTER TABLE "LOCATIONS" MODIFY ("STREET" NOT NULL ENABLE);
  ALTER TABLE "LOCATIONS" MODIFY ("CITY" NOT NULL ENABLE);
  ALTER TABLE "LOCATIONS" MODIFY ("ID" NOT NULL ENABLE);
--------------------------------------------------------
--  Constraints for Table ORDERS_STATUS
--------------------------------------------------------

  ALTER TABLE "ORDERS_STATUS" ADD CONSTRAINT "ORDER_STATUS_ID_PK" PRIMARY KEY ("ID")
  USING INDEX PCTFREE 10 INITRANS 2 MAXTRANS 255 COMPUTE STATISTICS 
  STORAGE(INITIAL 65536 NEXT 1048576 MINEXTENTS 1 MAXEXTENTS 2147483645
  PCTINCREASE 0 FREELISTS 1 FREELIST GROUPS 1 BUFFER_POOL DEFAULT FLASH_CACHE DEFAULT CELL_FLASH_CACHE DEFAULT)
  TABLESPACE "SYSTEM"  ENABLE;
  ALTER TABLE "ORDERS_STATUS" MODIFY ("ID" NOT NULL ENABLE);
--------------------------------------------------------
--  Constraints for Table MENU_ITEMS
--------------------------------------------------------

  ALTER TABLE "MENU_ITEMS" ADD CONSTRAINT "MENU_ITEMS_ID_PK" PRIMARY KEY ("ID")
  USING INDEX PCTFREE 10 INITRANS 2 MAXTRANS 255 COMPUTE STATISTICS 
  STORAGE(INITIAL 65536 NEXT 1048576 MINEXTENTS 1 MAXEXTENTS 2147483645
  PCTINCREASE 0 FREELISTS 1 FREELIST GROUPS 1 BUFFER_POOL DEFAULT FLASH_CACHE DEFAULT CELL_FLASH_CACHE DEFAULT)
  TABLESPACE "SYSTEM"  ENABLE;
  ALTER TABLE "MENU_ITEMS" MODIFY ("ID" NOT NULL ENABLE);
--------------------------------------------------------
--  Constraints for Table ORDERS_ITEMS
--------------------------------------------------------

  ALTER TABLE "ORDERS_ITEMS" ADD CONSTRAINT "ORDER_ITEMS_PK" PRIMARY KEY ("ID")
  USING INDEX PCTFREE 10 INITRANS 2 MAXTRANS 255 COMPUTE STATISTICS 
  STORAGE(INITIAL 65536 NEXT 1048576 MINEXTENTS 1 MAXEXTENTS 2147483645
  PCTINCREASE 0 FREELISTS 1 FREELIST GROUPS 1 BUFFER_POOL DEFAULT FLASH_CACHE DEFAULT CELL_FLASH_CACHE DEFAULT)
  TABLESPACE "SYSTEM"  ENABLE;
  ALTER TABLE "ORDERS_ITEMS" MODIFY ("ID" NOT NULL ENABLE);
--------------------------------------------------------
--  Constraints for Table LOCATIONS_TYPE
--------------------------------------------------------

  ALTER TABLE "LOCATIONS_TYPE" ADD CONSTRAINT "LOCATION_TYPE_PK" PRIMARY KEY ("ID")
  USING INDEX PCTFREE 10 INITRANS 2 MAXTRANS 255 COMPUTE STATISTICS 
  STORAGE(INITIAL 65536 NEXT 1048576 MINEXTENTS 1 MAXEXTENTS 2147483645
  PCTINCREASE 0 FREELISTS 1 FREELIST GROUPS 1 BUFFER_POOL DEFAULT FLASH_CACHE DEFAULT CELL_FLASH_CACHE DEFAULT)
  TABLESPACE "SYSTEM"  ENABLE;
  ALTER TABLE "LOCATIONS_TYPE" MODIFY ("NAME" NOT NULL ENABLE);
  ALTER TABLE "LOCATIONS_TYPE" MODIFY ("ID" NOT NULL ENABLE);
--------------------------------------------------------
--  Constraints for Table ORDERS
--------------------------------------------------------

  ALTER TABLE "ORDERS" MODIFY ("RESTAURANT_ID" NOT NULL ENABLE);
  ALTER TABLE "ORDERS" ADD CONSTRAINT "ORDERS_ID_PK" PRIMARY KEY ("ID")
  USING INDEX PCTFREE 10 INITRANS 2 MAXTRANS 255 COMPUTE STATISTICS 
  STORAGE(INITIAL 65536 NEXT 1048576 MINEXTENTS 1 MAXEXTENTS 2147483645
  PCTINCREASE 0 FREELISTS 1 FREELIST GROUPS 1 BUFFER_POOL DEFAULT FLASH_CACHE DEFAULT CELL_FLASH_CACHE DEFAULT)
  TABLESPACE "SYSTEM"  ENABLE;
  ALTER TABLE "ORDERS" MODIFY ("ID" NOT NULL ENABLE);
--------------------------------------------------------
--  Constraints for Table MENU
--------------------------------------------------------

  ALTER TABLE "MENU" ADD CONSTRAINT "MENU_ID_PK" PRIMARY KEY ("ID")
  USING INDEX PCTFREE 10 INITRANS 2 MAXTRANS 255 COMPUTE STATISTICS 
  STORAGE(INITIAL 65536 NEXT 1048576 MINEXTENTS 1 MAXEXTENTS 2147483645
  PCTINCREASE 0 FREELISTS 1 FREELIST GROUPS 1 BUFFER_POOL DEFAULT FLASH_CACHE DEFAULT CELL_FLASH_CACHE DEFAULT)
  TABLESPACE "SYSTEM"  ENABLE;
  ALTER TABLE "MENU" MODIFY ("ID" NOT NULL ENABLE);
--------------------------------------------------------
--  Ref Constraints for Table LOCATIONS
--------------------------------------------------------

  ALTER TABLE "LOCATIONS" ADD CONSTRAINT "LOCATION_TYPE_ID_FK" FOREIGN KEY ("LOCATION_TYPE_ID")
	  REFERENCES "LOCATIONS_TYPE" ("ID") ENABLE;
--------------------------------------------------------
--  Ref Constraints for Table MENU
--------------------------------------------------------

  ALTER TABLE "MENU" ADD CONSTRAINT "MENU_RESTAURANTS_ID_FK" FOREIGN KEY ("RESTAURANT_ID")
	  REFERENCES "RESTAURANTS" ("ID") ENABLE;
--------------------------------------------------------
--  Ref Constraints for Table MENU_ITEMS
--------------------------------------------------------

  ALTER TABLE "MENU_ITEMS" ADD CONSTRAINT "MENU_ID_FK" FOREIGN KEY ("MENU_ID")
	  REFERENCES "MENU" ("ID") ENABLE;
--------------------------------------------------------
--  Ref Constraints for Table ORDERS
--------------------------------------------------------

  ALTER TABLE "ORDERS" ADD CONSTRAINT "ORDERS_LOCATIONS_ID_FK" FOREIGN KEY ("LOCATION_ID")
	  REFERENCES "LOCATIONS" ("ID") ENABLE;
  ALTER TABLE "ORDERS" ADD CONSTRAINT "ORDERS_RESTAURANT_ID_FK" FOREIGN KEY ("RESTAURANT_ID")
	  REFERENCES "RESTAURANTS" ("ID") ENABLE;
  ALTER TABLE "ORDERS" ADD CONSTRAINT "ORDER_STATUS_ID_FK" FOREIGN KEY ("ORDER_STATUS_ID")
	  REFERENCES "ORDERS_STATUS" ("ID") ENABLE;
--------------------------------------------------------
--  Ref Constraints for Table ORDERS_ITEMS
--------------------------------------------------------

  ALTER TABLE "ORDERS_ITEMS" ADD CONSTRAINT "ORDER_ID_FK" FOREIGN KEY ("ORDER_ID")
	  REFERENCES "ORDERS" ("ID") ENABLE;
--------------------------------------------------------
--  Ref Constraints for Table RESTAURANTS
--------------------------------------------------------

  ALTER TABLE "RESTAURANTS" ADD CONSTRAINT "RESTAURANTS_LOCATION_ID_FK" FOREIGN KEY ("LOCATION_ID")
	  REFERENCES "LOCATIONS" ("ID") ENABLE;
--------------------------------------------------------
--  Ref Constraints for Table RESTAURANTS_INFORMATION
--------------------------------------------------------

  ALTER TABLE "RESTAURANTS_INFORMATION" ADD CONSTRAINT "RES_INFO_RESTAURANT_ID_FK" FOREIGN KEY ("RESTAURANT_ID")
	  REFERENCES "RESTAURANTS" ("ID") ENABLE;
